,T2_MBE,T2_MAGE,WS_MBE,WS_RMSE,WD_MNMB,WD_MNME
首爾,0.49,1.08,1.1,1.61,3.2099999999999995%,13.51%
東京,1.15,1.64,0.35,1.68,-0.84%,12.22%
北京,1.14,1.98,0.34,1.55,-0.43%,10.979999999999999%
overal,1.01,1.6,0.5,1.64,0.06%,12.24%
Criteria,1.5/-1.5,3,1.5/-1.5,3,10.0%/-10.0%,30%
合格率,100.0%,100.0%,100.0%,100.0%,100.0%,100.0%
合格站數,3,3,3,3,3,3
