,T2_MBE,T2_MAGE,WS_MBE,WS_RMSE,WD_WNMB,WD_WNME
梧棲,0.03,0.35,0.39,1.02,-1.81%,6.18%
台中,0.56,0.79,0.86,1.39,-0.03%,7.3999999999999995%
日月潭,0.44,0.62,0.15,0.68,0.22%,10.83%
阿里山,0.54,0.65,0.01,0.27,-1.83%,9.31%
嘉義,0.72,0.85,0.46,1.06,1.48%,9.02%
玉山,0.82,1.11,-2.04,3.24,-1.43%,17.94%
overal,0.52,0.73,-0.03,1.59,-0.5700000000000001%,10.100000000000001%
Criteria,1.5/-1.5,3,1.5/-1.5,3,10.0%/-10.0%,30%
合格率,100.0%,100.0%,83.0%,83.0%,100.0%,100.0%
合格站數,6,6,5,5,6,6
