,T2_MBE,T2_MAGE,WS_MBE,WS_RMSE,WD_WNMB,WD_WNME
嘉義,0.93,1.09,0.47,1.0,0.06%,8.51%
玉山,1.15,1.26,-2.43,3.58,-4.63%,13.58%
永康,0.92,1.07,0.48,1.12,2.41%,10.190000000000001%
台南,0.44,0.68,0.46,1.07,5.390000000000001%,10.45%
高雄,0.42,0.72,0.58,1.16,-2.79%,15.15%
大武,-0.5,0.71,1.4,2.79,4.32%,14.97%
恆春,-0.42,0.6,1.91,2.43,0.15%,5.38%
overal,0.4,0.87,0.49,2.06,0.86%,11.09%
Criteria,1.5/-1.5,3,1.5/-1.5,3,10.0%/-10.0%,30%
合格率,100.0%,100.0%,71.0%,86.0%,100.0%,100.0%
合格站數,7,7,5,6,7,7
