,T2_MBE,T2_MAGE,WS_MBE,WS_RMSE,WD_WNMB,WD_WNME
梧棲,-0.14,0.47,0.17,0.86,-2.25%,6.12%
台中,0.03,0.69,0.55,0.93,0.8500000000000001%,7.04%
日月潭,0.25,0.82,0.05,0.73,-1.3%,8.86%
阿里山,0.27,0.62,-0.02,0.36,-3.38%,9.24%
嘉義,0.41,0.78,0.32,0.84,-1.08%,8.309999999999999%
玉山,0.81,1.01,-1.51,2.47,-11.58%,19.31%
overal,0.26,0.73,-0.06,1.21,-3.04%,9.719999999999999%
Criteria,1.5/-1.5,3,1.5/-1.5,3,10.0%/-10.0%,30%
合格率,100.0%,100.0%,83.0%,100.0%,83.0%,100.0%
合格站數,6,6,5,6,5,6
