,T2_MBE,T2_MAGE,WS_MBE,WS_RMSE,WD_WNMB,WD_WNME
台中,0.03,0.69,0.55,0.93,0.8500000000000001%,7.04%
日月潭,0.25,0.82,0.05,0.73,-1.3%,8.86%
阿里山,0.27,0.62,-0.02,0.36,-3.38%,9.24%
嘉義,0.41,0.78,0.32,0.84,-1.08%,8.309999999999999%
玉山,0.81,1.01,-1.51,2.47,-11.58%,19.31%
永康,-0.08,0.54,0.34,0.79,0.24%,8.12%
台南,-0.18,0.44,0.37,0.8,2.4699999999999998%,7.88%
overal,0.21,0.7,0.03,1.15,-1.87%,9.74%
Criteria,1.5/-1.5,3,1.5/-1.5,3,10.0%/-10.0%,30%
合格率,100.0%,100.0%,86.0%,100.0%,86.0%,100.0%
合格站數,7,7,6,7,6,7
