,DVb,CMb,CMf,RRF,DVf
台東,37.666666666666664,20.334741592407227,20.635940551757812,1.0148,38.2241
花蓮,42.21739130434783,19.418628692626953,19.530536651611328,1.0058,42.4623
埔里,70.41666666666667,37.2857551574707,36.43156814575195,0.9771,68.8041
關山,38.708333333333336,10.486848831176758,10.983495712280273,1.0474,40.5431
