,DVb,CMb,CMf,RRF,DVf
台東,43.575,59.395820236206056,58.39792747497559,0.9832,42.8429
花蓮,62.099999999999994,61.60380096435547,59.67725028991699,0.9687,60.1563
埔里,80.3125,91.63975067138672,69.83409004211425,0.7621,61.2062
關山,48.7625,56.65618057250977,55.98226661682129,0.9881,48.1822
