,DVb,CMb,CMf,RRF,DVf
台東,6.8,0.7409408569335938,0.7134007692337037,0.9628,6.547
花蓮,7.4,2.767883133888245,2.455665338039398,0.8872,6.5653
埔里,5.4,2.5011482357978823,2.211021161079407,0.884,4.7736
關山,3.3,0.5266614109277725,0.4506476014852524,0.8557,2.8238
