,DVb,CMb,CMf,RRF,DVf
台東,20.458333333333332,10.912747383117676,10.924015998840332,1.001,20.4788
花蓮,22.708333333333332,11.847543716430664,11.847761154174805,1.0,22.7083
埔里,39.0,23.88778305053711,22.878406524658203,0.9577,37.3503
關山,20.25,5.914782524108887,6.04240608215332,1.0216,20.6874
